{
  "steps": [
    {
      "id": "S1",
      "parameters": { "P1": [ 100, 200 ] },
      "dependency": null
    },
    {
      "id": "S2",
      "parameters": { "P1": [ 50, 60 ] },
      "dependency": [ "S1" ]
    },
    {
      "id": "S3",
      "parameters": { "P1": [ 100, 150 ] },
      "dependency": [ "S2" ]
    }
  ],
  "machines": [
    {
      "machine_id": "M1",
      "step_id": "S1",
      "cooldown_time": 10,
      "initial_parameters": { "P1": 120 },
      "fluctuation": { "P1": 40 },
      "n": 10
    },
    {
      "machine_id": "M2",
      "step_id": "S2",
      "cooldown_time": 15,
      "initial_parameters": { "P1": 50 },
      "fluctuation": { "P1": 3 },
      "n": 10
    },
    {
      "machine_id": "M3",
      "step_id": "S3",
      "cooldown_time": 15,
      "initial_parameters": { "P1": 100 },
      "fluctuation": { "P1": 3 },
      "n": 10
    },
    {
      "machine_id": "M4",
      "step_id": "S3",
      "cooldown_time": 15,
      "initial_parameters": { "P1": 100 },
      "fluctuation": { "P1": 3 },
      "n": 10
    }
  ],
  "wafers": [
    {
      "type": "W1",
      "processing_times": {
        "S1": 10,
        "S2": 10,
        "S3": 50
      },
      "quantity": 10
    }
  ]
}