{
  "steps": [
    {
      "id": "S1",
      "parameters": { "P1": [ 100, 200 ] },
      "dependency": null
    },
    {
      "id": "S2",
      "parameters": { "P1": [ 100, 150 ] },
      "dependency": null
    }
  ],
  "machines": [
    {
      "machine_id": "M1",
      "step_id": "S1",
      "cooldown_time": 18,
      "initial_parameters": { "P1": 180 },
      "fluctuation": { "P1": -50 },
      "n": 5
    },
    {
      "machine_id": "M2",
      "step_id": "S2",
      "cooldown_time": 17,
      "initial_parameters": { "P1": 150 },
      "fluctuation": { "P1": -100 },
      "n": 1
    },
    {
      "machine_id": "M3",
      "step_id": "S2",
      "cooldown_time": 20,
      "initial_parameters": { "P1": 150 },
      "fluctuation": { "P1": -52 },
      "n": 1
    }
  ],
  "wafers": [
    {
      "type": "W1",
      "processing_times": {
        "S1": 10,
        "S2": 10
      },
      "quantity": 5
    },
    {
      "type": "W2",
      "processing_times": {
        "S1": 15,
        "S2": 15
      },
      "quantity": 10
    }
  ]
}