{
  "steps": [
    {
      "id": "S1",
      "parameters": { "P1": [ 100, 200 ] },
      "dependency": null
    },
    {
      "id": "S2",
      "parameters": { "P1": [ 100, 200 ] },
      "dependency": null
    }
  ],
  "machines": [
    {
      "machine_id": "M1",
      "step_id": "S1",
      "cooldown_time": 5,
      "initial_parameters": { "P1": 100 },
      "fluctuation": { "P1": 5 },
      "n": 20
    },
    {
      "machine_id": "M2",
      "step_id": "S1",
      "cooldown_time": 5,
      "initial_parameters": { "P1": 100 },
      "fluctuation": { "P1": 5 },
      "n": 20
    },
    {
      "machine_id": "M3",
      "step_id": "S2",
      "cooldown_time": 5,
      "initial_parameters": { "P1": 100 },
      "fluctuation": { "P1": 5 },
      "n": 20
    },
    {
      "machine_id": "M4",
      "step_id": "S2",
      "cooldown_time": 5,
      "initial_parameters": { "P1": 100 },
      "fluctuation": { "P1": 5 },
      "n": 20
    }
  ],
  "wafers": [
    {
      "type": "W1",
      "processing_times": {
        "S1": 10,
        "S2": 15
      },
      "quantity": 20
    },
    {
      "type": "W2",
      "processing_times": {
        "S1": 15,
        "S2": 10
      },
      "quantity": 30
    }
  ]
}